1578022725.2215247.png, 66
1578022910.5474966.png, 10
1578022587.4528224.png, 4
1578022944.4887683.png, 0
1578022603.0662198.png, 20
1578022995.7758784.png, 0
1578022778.8679907.png, 74
1578022556.5430105.png, 0
1578022748.8897252.png, 64
1578022833.8829768.png, 34
1578022651.6239593.png, 15
1578022626.779003.png, 15
1578022894.2532587.png, 11
1578022878.715738.png, 18
1578022859.0504673.png, 0
1578022696.2989507.png, 54
1578022820.809715.png, 15
1578022902.9230816.png, 13
1578022857.0571256.png, 6
1578022966.5323703.png, 15
1578022817.3128023.png, 28
1578022923.1956923.png, 10
1578022882.6131425.png, 20
1578022766.7246096.png, 91
1578022561.3095436.png, 4
1578022887.4055061.png, 14
1578022622.2335153.png, 23
1578022829.2032056.png, 4
1578022875.5959797.png, 8
1578022683.4928277.png, 35
1578022701.355827.png, 57
1578022593.5053868.png, 5
1578022870.9698715.png, 6
1578022928.093898.png, 0
1578022730.4571648.png, 66
1578022823.24701.png, 11
1578022955.2329726.png, 37
1578022937.4864943.png, 0
1578022723.0775456.png, 58
1578022756.4158123.png, 66
1578022899.2546017.png, 20
1578022661.1112456.png, 33
1578022845.3858933.png, 6
1578022851.8910766.png, 0
1578022570.4168391.png, 4
1578022840.9822023.png, 19
1578022680.1346984.png, 35
1578022578.621272.png, 5
1578022737.902024.png, 63
1578022633.2531598.png, 14
1578022947.0087273.png, 37
1578022865.8066368.png, 6
1578022746.0690994.png, 63
1578022907.3468845.png, 11
1578022612.3284523.png, 22
1578022607.7094715.png, 22
1578022795.5648832.png, 58
1578022667.502615.png, 35
1578022656.597115.png, 15
1578022868.6700528.png, 7
1578022638.8511913.png, 12
1578022901.072875.png, 13
1578022792.3823912.png, 47
1578022803.6523116.png, 58
1578022990.6636245.png, 18
1578022976.6074388.png, 18
1578022941.1735353.png, 7
1578022787.8597682.png, 38
1578022690.4196336.png, 35
1578022676.5119996.png, 35
1578022931.6264637.png, 13
1578022672.0175474.png, 35
1578022704.9220328.png, 58
1578022854.3675454.png, 0
1578022565.2342663.png, 4
1578022643.8245738.png, 15
1578022762.004307.png, 77
1578022915.5514395.png, 9
1578022962.4291317.png, 14
